curve_id,group,rho,fc,E28,anchor_day,n_obs,last_day,elastic_included,split,stress_ratio,stress_ratio_recorded,applied_stress_recorded_MPa,ratio_review_flag
NU00017,NU_L103,2333.86,25.4,,1.0,9,141.0,True,train,0.386,0.386,9.81,False
NU00019,NU_L103,2333.86,25.4,,1.0,9,141.0,True,train,0.386,0.386,9.81,False
NU00020,NU_L103,2333.86,25.4,,1.0,9,141.0,True,train,0.386,0.386,9.81,False
NU00022,NU_L103,2338.78,28.0,,1.0,7,82.0,True,train,0.463,0.463,12.95,False
NU00024,NU_L103,2345.26,46.9,,1.0,7,85.0,True,train,0.448,0.448,20.99,False
NU00025,NU_L103,2338.78,28.0,,1.0,7,82.0,True,train,0.614,0.614,17.17,False
NU00026,NU_L103,2338.78,28.0,,1.0,7,82.0,True,train,0.688,0.688,19.23,False
NU00027,NU_L103,2345.26,46.9,,1.0,7,85.0,True,train,0.615,0.615,28.84,False
NU00029,NU_L109,2320.0,26.9,,1.0,9,150.0,True,test,0.429,0.429,4.91,False
NU00030,NU_L109,2320.0,26.9,,1.0,9,150.0,True,test,0.402,0.402,10.79,False
NU00031,NU_L109,2320.0,26.9,,1.0,8,151.0,True,test,0.406,0.406,13.73,False
NU00032,NU_L109,2320.0,41.9,,1.0,9,150.0,True,test,0.398,0.398,11.77,False
NU00033,NU_L109,2320.0,41.9,,1.0,9,150.0,True,test,0.394,0.394,16.68,False
NU00034,NU_L109,2320.0,41.9,,1.0,12,150.0,True,test,0.401,0.401,19.13,False
NU00035,NU_L109,2369.8,43.1,,1.0,9,150.0,True,test,0.398,0.398,17.17,False
NU00036,NU_L109,2360.45,35.3,,1.0,9,150.0,True,test,0.402,0.402,14.22,False
NU00037,NU_L109,2310.1000000000004,19.0,,1.0,9,153.0,True,test,0.42,0.42,7.85,False
NU00050,NU_L110,2340.15,24.4,20620.0,0.0599194,22,155.0,True,train,0.394,0.394,9.61,False
NU00051,NU_L110,2365.45,25.8,32790.0,0.214587,24,157.0,True,train,0.373,0.373,9.61,False
NU00052,NU_L110,2341.15,26.4,26670.0,0.190425,20,129.0,True,train,0.365,0.365,9.61,False
NU00053,NU_L110,2405.55,23.4,17860.0,0.0567541,20,155.0,True,train,0.411,0.411,9.61,False
NU00054,NU_L110,2377.15,27.8,22370.0,0.0178853,20,138.0,True,train,0.346,0.346,9.61,False
NU00055,NU_L110,2632.35,28.4,30310.0,0.234152,20,158.0,True,train,0.339,0.339,9.61,False
NU00056,NU_L59,2349.02,45.2,25860.0,0.012,5,91.0,True,test,0.415,0.415,14.8,False
NU00057,NU_L59,2349.02,45.2,25860.0,0.063,5,91.0,True,test,0.48,0.48,17.11,False
NU00058,NU_L59,2349.02,45.2,25860.0,0.1,5,91.0,True,test,0.396,0.396,14.12,False
NU00059,NU_L59,2349.02,45.2,25860.0,0.057,5,91.0,True,test,0.336,0.336,11.97,False
NU00060,NU_L59,2349.02,45.2,25860.0,0.06,5,91.0,True,test,0.32,0.32,11.42,False
NU00061,NU_L59,2349.02,45.2,25860.0,0.1,5,91.0,True,test,0.48,0.48,17.11,False
NU00062,NU_L59,2349.02,45.2,25860.0,0.18,5,91.0,True,test,0.42,0.42,14.97,False
NU00063,NU_L59,2349.02,45.2,25860.0,0.21,5,91.0,True,test,0.385,0.385,13.75,False
NU00064,NU_L62,2206.4,33.9,,1.0,11,150.0,True,train,0.193,0.193,4.91,False
NU00068,NU_L62,2206.4,33.9,,1.0,11,150.0,True,train,0.386,0.386,9.81,False
NU00069,NU_L62,2206.4,33.9,,1.0,8,95.0,True,train,0.297,0.297,9.81,False
NU00070,NU_L62,2206.4,33.9,,1.0,10,159.0,True,train,0.289,0.289,9.81,False
NU00079,NU_L62,2206.4,33.9,,1.0,11,150.0,True,train,0.386,0.386,9.81,False
NU00082,NU_L62,2206.4,33.9,,1.0,10,159.0,True,train,0.289,0.289,9.81,False
NU00085,NU_L62,2206.4,33.9,,1.0,11,150.0,True,train,0.482,0.482,12.26,False
NU00086,NU_L62,2206.4,33.9,,1.0,10,159.0,True,train,0.362,0.362,12.26,False
NU00090,NU_L62,2206.4,33.9,,1.0,10,154.0,True,train,0.289,0.289,9.81,False
NU00091,NU_L62,2206.4,33.9,,1.0,11,154.0,True,train,0.289,0.289,9.81,False
NU00092,NU_L62,2206.4,33.9,,1.0,11,154.0,True,train,0.289,0.289,9.81,False
NU00093,NU_L62,2206.4,33.9,,1.0,11,154.0,True,train,0.289,0.289,9.81,False
NU00109,NU_L29,2434.49,42.6,41604.0,0.74,13,100.0,True,train,0.427,0.427,14.58,False
NU00110,NU_L29,2434.49,42.6,41604.0,0.96,13,100.0,True,train,0.342,0.342,14.58,False
NU00111,NU_L29,2434.49,42.6,41604.0,0.8,13,99.88,True,train,0.286,0.286,14.58,False
NU00113,NU_L29,2434.49,42.6,41604.0,0.54,13,100.0,True,train,0.427,0.427,14.58,False
NU00114,NU_L29,2434.49,42.6,41604.0,1.0,13,100.0,True,train,0.342,0.342,14.58,False
NU00115,NU_L29,2434.49,42.6,41604.0,0.88,13,99.88,True,train,0.286,0.286,14.58,False
NU00116,NU_L29,2434.49,42.6,41604.0,0.88,13,99.88,True,train,,,14.58,False
NU00117,NU_L29,2434.49,42.6,41604.0,1.0,13,100.0,True,train,0.427,0.427,14.58,False
NU00118,NU_L29,2434.49,42.6,41604.0,0.51,14,100.0,True,train,0.342,0.342,14.58,False
NU00119,NU_L29,2434.49,42.6,41604.0,0.88,13,99.88,True,train,0.286,0.286,14.58,False
NU00120,NU_L29,2434.49,42.6,41604.0,0.88,13,99.88,True,train,,,14.58,False
NU00121,NU_L29,2434.49,42.6,41604.0,0.88,13,99.88,True,train,,,14.58,False
NU00122,NU_L29,2434.49,42.6,41604.0,1.0,13,100.0,True,train,0.427,0.427,14.58,False
NU00123,NU_L29,2434.49,42.6,41604.0,1.0,13,100.0,True,train,0.342,0.342,14.58,False
NU00124,NU_L29,2434.49,42.6,41604.0,0.88,13,99.88,True,train,0.286,0.286,14.58,False
NU00125,NU_L29,2434.49,42.6,41604.0,0.88,13,99.88,True,train,,,14.58,False
NU00126,NU_L29,2434.49,42.6,41604.0,0.88,13,99.88,True,train,,,14.58,False
NU00142,NU_L110,2350.56,48.6,,0.1,7,103.0,True,train,0.373,0.373,18.4,False
NU00143,NU_L110,2399.6,48.4,,1.0,14,136.0,True,train,0.436,0.436,24.67,False
NU00150,NU_L106,2444.2,45.0,,0.22,16,140.12,True,train,0.072,0.072,3.63,False
NU00151,NU_L106,2444.2,45.0,,0.1,17,140.0,True,train,0.071,0.071,3.63,False
NU00152,NU_L106,2444.2,45.9,,0.22,17,140.12,True,train,0.357,0.357,15.03,False
NU00153,NU_L106,2444.2,45.9,,0.1,17,140.0,True,train,0.28,0.28,15.03,False
NU00155,NU_L106,2444.2,45.9,,0.22,17,140.12,True,train,0.072,0.072,3.87,False
NU00156,NU_L106,2444.2,42.8,,0.14,17,139.94,True,train,0.17,0.17,7.6,False
NU00157,NU_L106,2444.2,42.8,,0.32,17,140.12,True,train,0.142,0.142,7.6,False
NU00158,NU_L106,2444.2,44.9,,0.22,17,140.12,True,train,0.286,0.286,14.64,False
NU00159,NU_L106,2444.2,44.9,,0.22,17,140.12,True,train,0.27,0.27,14.64,False
NU00160,NU_L106,2444.2,45.9,,0.22,16,112.12,True,train,0.565,0.565,23.79,False
NU00161,NU_L90,2381.0,41.4,,0.1,19,119.0,True,train,0.244,0.244,10.12,False
NU00162,NU_L90,2323.02,40.9,,0.1,15,91.0,True,train,0.23,0.23,9.4,False
NU00163,NU_L90,2323.02,40.9,,0.01,15,90.91,True,train,0.227,0.227,9.29,False
NU00166,NU_L69,2404.31,46.1,,1.0,20,121.1,True,train,0.294,0.294,16.55,False
NU00167,NU_L69,2404.31,46.1,,1.0,20,121.1,True,train,0.294,0.294,16.55,False
NU00170,NU_L69,2404.31,46.1,,1.0,20,120.1,True,train,0.294,0.294,16.55,False
NU00171,NU_L69,2404.31,46.1,,1.0,19,120.1,True,train,0.294,0.294,16.55,False
NU00173,NU_L69,2452.3,51.2,,1.0,17,155.8,True,train,0.069,0.069,4.14,False
NU00176,NU_L69,2452.3,51.2,,0.78,13,92.78,True,train,0.069,0.069,4.14,False
NU00177,NU_L69,2452.3,51.2,,0.88,14,121.68,True,train,0.276,0.276,16.55,False
NU00178,NU_L69,2348.78,46.1,,1.0,11,148.9,True,train,0.293,0.293,16.55,False
NU00183,NU_L60,2395.56,45.4,,0.02,17,135.0,True,train,,,14.48,False
NU00184,NU_L60,2395.56,45.4,,0.01,17,127.0,True,train,,,14.48,False
NU00185,NU_L60,2395.56,45.4,,0.004,21,154.0,True,train,,,22.2,False
NU00186,NU_L60,2395.56,45.4,,0.004,21,154.0,True,train,,,28.96,False
NU00187,NU_L60,2395.56,45.4,,0.004,19,137.0,True,train,,,16.55,False
NU00188,NU_L60,2395.56,45.4,,0.027,20,146.02,True,train,,,14.48,False
NU00189,NU_L60,2395.56,45.4,,0.004,19,153.0,True,train,,,14.48,False
NU00190,NU_L60,2395.56,45.4,,0.014,17,154.01,True,train,,,16.55,False
NU00191,NU_L60,2395.56,45.4,,0.07,15,148.06,True,train,,,14.48,False
NU00192,NU_L60,2395.56,45.4,,0.003,18,156.0,True,train,,,14.48,False
NU00193,NU_L60,2395.56,45.4,,0.004,20,111.0,True,train,,,22.2,False
NU00194,NU_L60,2395.56,45.4,,0.004,19,140.0,True,train,,,28.96,False
NU00195,NU_L60,2395.56,45.4,,0.004,21,127.0,True,train,,,16.55,False
NU00196,NU_L60,2427.7200000000003,45.4,,0.003,19,154.0,True,train,,,14.48,False
NU00197,NU_L60,2427.7200000000003,45.4,,0.004,17,147.0,True,train,,,14.48,False
NU00198,NU_L60,2427.7200000000003,45.4,,0.004,18,140.0,True,train,,,21.99,False
NU00199,NU_L60,2427.7200000000003,45.4,,0.004,19,140.0,True,train,,,29.3,False
NU00200,NU_L60,2427.7200000000003,45.4,,0.004,18,152.0,True,train,,,16.55,False
NU00201,NU_L60,2427.7200000000003,45.4,,0.004,16,113.0,True,train,,,14.48,False
NU00202,NU_L60,2427.7200000000003,45.4,,0.004,19,136.0,True,train,,,14.48,False
NU00203,NU_L60,2427.7200000000003,45.4,,0.004,20,116.0,True,train,,,16.55,False
NU00204,NU_L60,2427.7200000000003,45.4,,0.004,18,153.0,True,train,,,14.48,False
NU00205,NU_L60,2427.7200000000003,45.4,,0.004,18,155.0,True,train,,,14.48,False
NU00206,NU_L60,2427.7200000000003,45.4,,0.004,20,141.0,True,train,,,21.99,False
NU00207,NU_L60,2427.7200000000003,45.4,,0.004,20,141.0,True,train,,,29.3,False
NU00208,NU_L60,2427.7200000000003,45.4,,0.123,17,145.12,True,train,,,16.55,False
NU00209,NU_L114,2340.0,29.2,,1.0,8,90.0,True,train,0.505,0.505,14.71,False
NU00210,NU_L114,2414.2,41.9,,1.0,8,90.0,True,train,0.467,0.467,17.66,False
NU00211,NU_L114,2414.2,37.8,,1.0,8,90.0,True,train,0.589,0.589,17.66,False
NU00212,NU_L114,2513.25,39.0,,1.0,8,90.0,True,train,0.446,0.446,17.66,False
NU00214,NU_L114,2481.9,30.8,,1.0,8,90.0,True,train,0.243,0.243,7.36,False
NU00215,NU_L114,2340.0,29.2,,1.0,8,90.0,True,train,0.505,0.505,14.71,False
NU00216,NU_L114,2384.9,33.6,,1.0,8,90.0,True,train,0.292,0.292,9.81,False
NU00217,NU_L114,2513.25,39.4,,1.0,8,90.0,True,train,0.56,0.56,17.66,False
NU00218,NU_L114,2402.8,45.3,,1.0,8,90.0,True,train,0.325,0.325,14.71,False
NU00219,NU_L114,2564.0,46.2,,1.0,8,90.0,True,train,0.372,0.372,14.71,False
NU00220,NU_L114,2370.0,38.9,,1.0,8,90.0,True,train,0.404,0.404,15.7,False
NU00221,NU_L114,2403.5,43.2,,1.0,8,90.0,True,train,0.363,0.363,15.7,False
NU00224,NU_L114,2481.9,34.1,,1.0,8,90.0,True,train,0.298,0.298,9.81,False
NU00226,NU_L114,2450.15,36.6,,1.0,8,90.0,True,train,0.214,0.214,7.85,False
NU00227,NU_L115,2386.1,54.0,,1.0,5,91.0,True,test,0.361,0.361,10.79,False
NU00228,NU_L115,2386.1,54.0,,1.0,5,91.0,True,test,0.275,0.275,10.79,False
NU00229,NU_L115,2386.1,54.0,,1.0,5,91.0,True,test,0.2,0.2,10.79,False
NU00230,NU_L115,2344.8,46.4,,1.0,5,91.0,True,test,0.355,0.355,10.79,False
NU00231,NU_L115,2344.8,46.4,,1.0,5,91.0,True,test,0.291,0.291,10.79,False
NU00232,NU_L115,2344.8,46.4,,1.0,5,91.0,True,test,0.233,0.233,10.79,False
NU00233,NU_L115,2386.1,60.4,,1.0,5,91.0,True,test,0.359,0.359,10.79,False
NU00234,NU_L115,2386.1,60.4,,1.0,5,91.0,True,test,0.269,0.269,10.79,False
NU00235,NU_L115,2386.1,60.4,,1.0,5,91.0,True,test,0.179,0.179,10.79,False
NU00237,NU_L115,2344.8,54.5,,1.0,5,91.0,True,test,0.314,0.314,10.79,False
NU00238,NU_L115,2344.8,54.5,,1.0,5,91.0,True,test,0.198,0.198,10.79,False
NU00240,NU_L115,2373.2,64.6,,1.0,5,91.0,True,test,0.239,0.239,10.79,False
NU00242,NU_L116,2330.8,33.2,32200.0,0.065,20,137.0,True,train,0.402,0.402,7.36,False
NU00243,NU_L116,2330.8,33.2,32200.0,0.11,18,105.0,True,train,0.394,0.394,10.01,False
NU00244,NU_L116,2330.8,33.2,32200.0,0.0173063,17,140.0,True,train,0.393,0.393,13.05,False
NU00245,NU_L116,2330.8,33.2,32200.0,0.86,16,152.0,True,train,,,13.05,False
NU00246,NU_L116,2330.8,33.2,32200.0,0.0032,16,147.0,True,train,,,13.05,False
NU00247,NU_L116,2330.25,33.2,,1.0,12,139.0,True,train,0.396,0.396,13.15,False
NU00248,NU_L116,2330.25,33.2,,0.2,15,147.0,True,train,,,13.05,False
NU00250,NU_L116,2340.45,46.5,37500.0,1.0,17,134.0,True,train,0.399,0.399,9.81,False
NU00251,NU_L116,2340.45,46.5,37500.0,0.0046,19,133.0,True,train,0.398,0.398,14.52,False
NU00252,NU_L116,2340.45,46.5,37500.0,0.0152231,17,146.0,True,train,0.392,0.392,14.62,False
NU00253,NU_L116,2340.45,46.5,37500.0,0.120927,17,155.0,True,train,0.396,0.396,18.44,False
NU00254,NU_L116,2340.45,46.5,37500.0,0.0233074,16,147.0,True,train,,,18.44,False
NU00255,NU_L116,2340.45,46.5,37500.0,0.3,15,147.0,True,train,,,18.44,False
NU00256,NU_L116,2300.08,34.9,,1.0,19,140.0,True,train,0.374,0.374,13.05,False
NU00257,NU_L116,2309.74,34.9,,1.0,14,153.0,True,train,0.374,0.374,13.05,False
NU00258,NU_L116,2290.12,39.9,,1.0,18,125.0,True,train,0.327,0.327,13.05,False
NU00259,NU_L116,2310.8,39.1,,0.2,15,146.0,True,train,0.334,0.334,13.05,False
NU00260,NU_L116,2300.08,34.9,,1.0,19,127.0,True,train,,,13.05,False
NU00261,NU_L116,2309.74,34.9,,1.0,18,120.0,True,train,,,13.05,False
NU00262,NU_L116,2290.12,39.9,,0.2,15,147.0,True,train,,,15.5,False
NU00264,NU_L116,2330.5,34.1,27800.0,1.0,19,126.0,True,train,0.428,0.428,5.4,False
NU00265,NU_L116,2330.5,34.1,27800.0,0.2,15,147.0,True,train,0.388,0.388,8.04,False
NU00266,NU_L116,2330.5,34.1,27800.0,0.0579636,18,140.0,True,train,0.397,0.397,13.54,False
NU00267,NU_L116,2330.5,34.1,27800.0,0.05,19,160.0,True,train,,,13.73,False
NU00268,NU_L116,2330.5,33.2,35400.0,0.0469576,19,160.0,True,train,0.395,0.395,8.53,False
NU00269,NU_L116,2330.5,33.2,35400.0,0.0642026,18,160.0,True,train,0.396,0.396,13.15,False
NU00270,NU_L116,2330.5,33.2,35400.0,0.9,15,152.0,True,train,,,13.05,False
NU00271,NU_L116,2330.5,30.8,28400.0,0.2,15,147.0,True,train,0.393,0.393,7.06,False
NU00272,NU_L116,2330.5,30.8,28400.0,0.2,15,147.0,True,train,0.395,0.395,12.16,False
NU00274,NU_L376,2371.7200000000003,53.1,,0.4,14,132.0,True,test,,,23.0,False
NU00275,NU_L376,2371.7200000000003,53.1,,0.13,16,130.03,True,test,,,23.0,False
NU00276,NU_L77,2300.44,62.0,,1.0,11,60.0,True,train,,,28.35,False
NU00277,NU_L77,2300.44,62.0,,1.0,11,60.0,True,train,,,40.3,False
NU00278,NU_L77,2300.44,62.0,,1.0,10,60.0,True,train,,,52.7,False
NU00279,NU_L117,2370.36,17.7,,0.2,7,150.0,True,train,0.314,0.314,5.55,False
NU00280,NU_L117,2370.36,17.7,,0.1,8,150.0,True,train,0.461,0.461,8.15,False
NU00282,NU_L117,2449.95,19.0,,0.1,8,150.0,True,train,0.429,0.429,8.15,False
NU00283,NU_L117,2419.85,23.9,,0.1,8,144.0,True,train,0.283,0.283,6.77,False
NU00284,NU_L117,2419.85,23.9,,0.2,7,144.0,True,train,0.516,0.516,12.32,False
NU00285,NU_L117,2390.0,10.8,,0.2,7,144.0,True,train,0.337,0.337,3.64,False
NU00286,NU_L117,2390.0,10.8,,0.1,8,144.0,True,train,0.514,0.514,5.55,False
NU00287,NU_L377,2319.7,30.3,,0.2,17,153.0,True,train,0.473,0.473,16.32,False
NU00288,NU_L377,2319.7,30.3,,0.3,17,152.0,True,train,0.571,0.571,19.71,False
NU00335,NU_L96,2318.1,15.5,27000.0,0.22,13,125.12,True,test,0.389,0.389,6.03,False
NU00339,NU_L96,2318.1,15.5,27000.0,0.01,22,141.61,True,test,0.358,0.358,5.55,False
NU00341,NU_L96,2318.1,15.5,27000.0,0.0,19,99.88,True,test,,,6.75,False
NU00342,NU_L96,2318.1,15.5,27000.0,0.05,12,87.38,True,test,,,6.75,False
NU00343,NU_L96,2318.1,15.5,27000.0,0.01,12,124.97,True,test,,,6.75,False
NU00344,NU_L96,2318.1,15.5,27000.0,0.013,16,124.91,True,test,,,6.5,False
NU00345,NU_L96,2318.1,15.5,27000.0,0.08,23,124.88,True,test,,,6.75,False
NU00346,NU_L96,2318.1,15.5,27000.0,0.03,19,104.08,True,test,,,6.75,False
NU00350,NU_L91,2424.86,52.4,31556.0,0.315,13,136.0,True,train,0.296,0.296,15.5,False
NU00351,NU_L91,2424.86,52.4,31556.0,0.959,14,136.0,True,train,0.296,0.296,15.5,False
NU00352,NU_L91,2424.86,52.4,31556.0,0.5,11,109.0,True,train,,,15.5,False
NU00353,NU_L91,2424.86,52.4,31556.0,0.5,7,137.0,True,train,,,15.5,False
NU00354,NU_L91,2432.36,63.0,36241.0,0.766,12,143.0,True,train,0.246,0.246,15.5,False
NU00355,NU_L91,2432.36,63.0,36241.0,0.257,12,143.0,True,train,0.246,0.246,15.5,False
NU00356,NU_L91,2432.36,63.0,36241.0,1.0,17,155.0,True,train,,,15.5,False
NU00357,NU_L91,2432.36,63.0,36241.0,0.11,12,127.0,True,train,,,15.5,False
NU00358,NU_L95,2558.4,50.1,29800.0,1.0,12,132.0,True,test,,,7.0,False
NU00359,NU_L95,2558.4,50.1,29800.0,1.0,9,126.0,True,test,,,7.0,False
NU00360,NU_L95,2558.4,50.1,29800.0,0.112,9,119.0,True,test,,,7.0,False
NU00361,NU_L95,2558.4,50.1,29800.0,0.0672,10,154.0,True,test,0.14,0.14,7.0,False
NU00362,NU_L95,2558.4,50.1,29800.0,0.17,11,128.0,True,test,,,7.0,False
NU00363,NU_L95,2558.4,50.1,29800.0,0.049,10,121.0,True,test,,,7.0,False
NU00364,NU_L95,2558.4,50.1,29800.0,1.0,12,132.0,True,test,,,7.0,False
NU00365,NU_L95,2558.4,50.1,29800.0,1.0,9,126.0,True,test,,,7.0,False
NU00366,NU_L95,2558.4,50.1,29800.0,1.0,8,119.0,True,test,,,7.0,False
NU00367,NU_L95,2558.4,50.1,29800.0,0.0187,10,154.0,True,test,0.14,0.14,7.0,False
NU00368,NU_L95,2558.4,50.1,29800.0,0.88,11,127.88,True,test,,,7.0,False
NU00369,NU_L95,2558.4,50.1,29800.0,1.0,10,121.0,True,test,,,7.0,False
NU00370,NU_L95,2558.4,50.1,29800.0,1.0,9,126.0,True,test,,,7.0,False
NU00371,NU_L95,2558.4,50.1,29800.0,1.0,9,126.0,True,test,,,7.0,False
NU00372,NU_L95,2558.4,50.1,29800.0,1.0,9,126.0,True,test,,,7.0,False
NU00373,NU_L95,2558.4,50.1,29800.0,1.0,9,126.0,True,test,,,7.0,False
NU00389,NU_L32,2437.58,78.6,43200.0,0.0551,15,140.0,True,validation,0.447,0.447,35.1,False
NU00390,NU_L32,2433.74,91.9,45500.0,0.177,15,140.0,True,validation,0.309,0.309,28.4,False
NU00391,NU_L32,2457.82,118.9,50800.0,0.0545,15,140.0,True,validation,0.389,0.389,46.3,False
NU00392,NU_L32,2464.65,107.0,48400.0,0.161,15,140.0,True,validation,0.424,0.424,45.4,False
NU00414,NU_L399,2462.5,75.6,,1.0,14,148.0,True,train,0.401,0.401,30.3,False
NU00415,NU_L399,2462.5,75.6,,1.0,14,148.0,True,train,0.401,0.401,30.3,False
NU00416,NU_L399,2457.07,82.9,,1.0,14,135.0,True,train,0.402,0.402,33.3,False
NU00417,NU_L399,2457.07,82.9,,1.0,14,147.0,True,train,0.402,0.402,33.3,False
NU00418,NU_L399,2436.3500000000004,97.0,,1.0,14,144.0,True,train,0.423,0.423,41.0,False
NU00419,NU_L399,2436.3500000000004,97.0,,1.0,11,144.0,True,train,0.423,0.423,41.0,False
NU00420,NU_L399,2413.1400000000003,96.6,,1.0,9,139.0,True,train,0.363,0.363,35.1,False
NU00421,NU_L399,2436.3500000000004,66.6,,1.0,11,152.0,True,train,0.615,0.615,41.0,False
NU00422,NU_L399,2418.3,57.7,,1.0,9,94.0,True,train,0.48,0.48,27.7,False
NU00423,NU_L399,2418.3,57.7,,1.0,9,94.0,True,train,0.48,0.48,27.7,False
NU00424,NU_L399,2471.8,55.9,,1.0,8,99.0,True,train,0.383,0.383,21.4,False
NU00426,NU_L399,2426.45,67.6,,1.0,9,145.0,True,train,0.416,0.416,28.1,False
NU00427,NU_L399,2459.7,75.9197,,1.0,8,153.0,True,train,0.393,0.393,29.8,False
NU00428,NU_L399,2413.65,75.0,,1.0,8,154.0,True,train,0.397,0.397,29.8,False
NU00429,NU_L399,2459.7,75.9197,,1.0,7,146.0,True,train,0.393,0.393,29.8,False
NU00430,NU_L399,2480.8,75.0,,1.0,7,136.0,True,train,0.533,0.533,40.0,False
NU00431,NU_L399,2433.8500000000004,99.5,,1.0,7,136.0,True,train,0.402,0.402,40.0,False
NU00432,NU_L399,2448.1,83.4,,1.0,6,149.0,True,train,0.423,0.423,35.3,False
NU00435,NU_L399,2558.28,89.1,,1.0,9,139.0,True,train,0.394,0.394,35.1,False
NU00439,NU_L399,2521.74,71.1,,1.0,10,145.0,True,train,0.395,0.395,28.1,False
NU00445,NU_L399,2482.7,70.9,,1.0,9,155.0,True,train,0.464,0.464,32.9,False
NU00446,NU_L399,2436.3500000000004,97.0,,1.0,8,155.0,True,train,0.339,0.339,32.9,False
NU00448,NU_L399,2341.4,48.7,,1.0,8,145.0,True,train,0.38,0.38,18.5,False
NU00449,NU_L399,2341.4,48.7,,1.0,8,145.0,True,train,0.38,0.38,18.5,False
NU00457,NU_L45,2445.1,100.3,,1.0,9,90.0,True,test,0.358,0.358,13.9,False
NU00458,NU_L45,2445.1,100.3,,1.0,9,90.0,True,test,0.597,0.597,23.2,False
NU00459,NU_L45,2445.1,100.3,,1.0,9,90.0,True,test,0.837,0.837,32.5,False
NU00462,NU_L45,2445.1,100.3,,1.0,9,90.0,True,test,0.837,0.837,32.2,False
NU00464,NU_L45,2447.0,92.8,,1.0,9,90.0,True,test,0.599,0.599,21.9,False
NU00472,NU_L385,2342.45,40.3,30200.0,1.0,8,90.0,True,train,0.407,0.407,6.67,False
NU00473,NU_L385,2342.45,40.3,30200.0,1.0,8,90.0,True,train,0.389,0.389,11.38,False
NU00474,NU_L385,2342.45,40.3,30200.0,0.041,9,90.0,True,train,0.414,0.414,14.42,False
NU00475,NU_L385,2342.45,40.3,30200.0,0.033,9,90.0,True,train,0.392,0.392,15.79,False
NU00476,NU_L385,2342.45,40.3,30200.0,0.0354,9,90.0,True,train,0.419,0.419,17.36,False
NU00477,NU_L385,2342.45,40.3,30200.0,1.0,8,90.0,True,train,0.389,0.389,11.38,False
NU00478,NU_L385,2342.45,40.3,30200.0,1.0,8,90.0,True,train,0.414,0.414,14.42,False
NU00479,NU_L385,2342.45,40.3,30200.0,0.0704,9,90.0,True,train,0.392,0.392,15.79,False
NU00480,NU_L385,2342.45,40.3,30200.0,0.14,9,90.0,True,train,0.419,0.419,17.36,False
NU00496,NU_L60,2396.7200000000003,45.4,,0.15133,18,135.386,True,train,,,14.5,False
NU00497,NU_L60,2396.7200000000003,45.4,,0.0304167,18,159.245,True,train,,,14.5,False
NU00498,NU_L60,2396.7200000000003,45.4,,0.000265734,21,158.195,True,train,,,14.5,False
NU00506,NU_L69,2454.3,43.4,,0.608611,13,150.524,True,train,,,16.6,False
NU00507,NU_L106,2454.3,42.8,,0.241358,17,138.879,True,train,,,16.6,False
NU00508,NU_L106,2454.3,42.8,,0.245251,17,138.123,True,train,,,4.15,False
NU00522,NU_L84,2212.93,14.3,,0.00910073,20,95.4453,True,test,,,4.72,False
NU00523,NU_L84,2212.93,14.3,,0.0201767,18,149.087,True,test,,,4.72,False
NU00524,NU_L84,2212.93,14.3,,0.00917874,11,125.333,True,test,,,4.72,False
NU00526,NU_L84,2212.93,14.3,,0.0247093,12,84.834,True,test,,,4.72,False
NU00527,NU_L84,2212.93,14.3,,0.0168269,11,99.99,True,test,,,4.72,False
NU00528,NU_L84,2212.93,14.3,,0.0227583,12,138.95,True,test,,,4.72,False
NU00529,NU_L84,2212.93,14.3,,0.0209619,8,100.0,True,test,,,4.72,False
NU00543,NU_L361,2402.2000000000003,31.5,31516.8,0.0,18,154.0,True,train,0.3,0.3,,False
NU00544,NU_L361,2427.9,37.0,33253.6,0.0,18,153.7,True,train,0.3,0.3,,False
NU00545,NU_L361,2413.6,51.0,37008.0,0.0,19,154.2,True,train,0.3,0.3,,False
NU00546,NU_L361,2436.0,48.5,36393.1,0.0,18,153.9,True,train,0.3,0.3,,False
NU00547,NU_L361,2436.0,72.0,41516.0,0.0,19,154.5,True,train,0.3,0.3,,False
NU00548,NU_L361,2461.2,70.0,41128.0,0.0,19,154.1,True,train,0.3,0.3,,False
NU00549,NU_L361,2419.32,93.0,45213.3,0.0,19,153.8,True,train,0.3,0.3,,False
NU00550,NU_L361,2443.12,108.0,47524.0,0.0,19,153.7,True,train,0.3,0.3,,False
NU00551,NU_L362,2340.35,54.8,37905.2,0.0,31,158.45,True,train,0.2,0.2,1.73,False
NU00552,NU_L362,2340.35,54.8,37905.2,0.1,31,91.19,True,train,0.2,0.2,3.33,False
NU00553,NU_L362,2340.35,54.8,37905.2,0.0,34,158.49,True,train,0.2,0.2,4.82,False
NU00554,NU_L362,2340.35,54.8,37905.2,0.0,32,94.89,True,train,0.2,0.2,7.07,False
NU00555,NU_L362,2340.35,54.8,37905.2,0.01,27,52.77,True,train,0.2,0.2,7.0,False
NU00556,NU_L362,2400.0,96.5,45773.5,0.0,29,90.65,True,train,0.2,0.2,4.47,False
NU00557,NU_L362,2400.0,96.5,45773.5,0.0,34,158.54,True,train,0.2,0.2,6.55,False
NU00558,NU_L362,2400.0,96.5,45773.5,0.0,32,91.03,True,train,0.2,0.2,9.77,False
NU00559,NU_L362,2400.0,96.5,45773.5,0.0,32,98.59,True,train,0.2,0.2,12.58,False
NU00560,NU_L362,2400.0,96.5,45773.5,0.03,31,73.9,True,train,0.2,0.2,12.8,False
NU00561,NU_L363,2483.8,95.0,45535.1,0.0,12,56.1,True,train,0.33,0.33,14.4,False
NU00562,NU_L363,2483.8,95.0,45535.1,0.0,12,56.1,True,train,0.33,0.33,14.4,False
NU00563,NU_L363,2483.8,95.0,45535.1,0.0,13,54.1,True,train,0.4,0.4,26.7,False
NU00564,NU_L363,2483.8,95.0,45535.1,0.0,13,54.3,True,train,0.4,0.4,26.7,False
NU00565,NU_L363,2483.8,95.0,45535.1,0.0,8,29.2,True,train,0.39,0.39,37.1,False
NU00566,NU_L363,2483.8,95.0,45535.1,0.0,8,29.3,True,train,0.39,0.39,37.1,False
NU00567,NU_L363,2494.2200000000003,86.0,44049.2,0.0,15,151.0,True,train,0.46,0.46,37.1,False
NU00568,NU_L363,2494.2200000000003,86.0,44049.2,0.0,16,152.0,True,train,0.46,0.46,37.1,False
NU00569,NU_L363,2494.2200000000003,86.0,44049.2,0.0,10,137.0,True,train,0.43,0.43,37.1,False
NU00570,NU_L363,2494.2200000000003,86.0,44049.2,0.0,11,110.0,True,train,0.43,0.43,37.1,False
NU00571,NU_L363,2494.2200000000003,86.0,44049.2,0.0,10,94.0,True,train,0.43,0.43,37.1,False
NU00572,NU_L363,2494.2200000000003,86.0,44049.2,0.0,9,95.0,True,train,0.43,0.43,37.1,False
NU00573,NU_L364,2416.05,43.5,35096.9,0.0,35,147.9,True,train,,,12.0,False
NU00574,NU_L364,2315.95,34.3,32424.2,0.0,22,158.121,True,train,,,12.0,False
NU00575,NU_L364,2388.7,64.5,40021.3,0.0,25,144.396,True,train,,,12.0,False
NU00576,NU_L364,2370.0,40.2,34185.9,0.0,20,134.137,True,train,,,12.0,False
NU00577,NU_L364,2420.95,53.4,37579.6,0.0,32,138.871,True,train,,,12.0,False
NU00578,NU_L364,2438.46,43.0,34961.9,0.0,20,151.521,True,train,,,12.0,False
NU00580,NU_L365,2405.23,81.0,43178.4,0.0,33,158.0,True,validation,0.28,0.28,14.61,False
NU00581,NU_L365,2405.23,81.0,43178.4,0.0,34,158.5,True,validation,0.28,0.28,14.61,False
NU00582,NU_L365,2405.23,81.0,43178.4,0.0,34,158.2,True,validation,0.28,0.28,14.61,False
NU00583,NU_L365,2405.23,81.0,43178.4,0.0,31,150.8,True,validation,0.24,0.24,39.16,False
NU00584,NU_L365,2405.23,81.0,43178.4,0.0,31,150.9,True,validation,0.24,0.24,39.16,False
NU00585,NU_L365,2405.23,81.0,43178.4,0.0,24,109.7,True,validation,0.24,0.24,39.16,False
NU00586,NU_L365,2405.23,81.0,43178.4,0.0,34,151.8,True,validation,0.24,0.24,39.16,False
NU00587,NU_L365,1838.64,85.2,43912.2,0.0,28,137.9,True,validation,0.31,0.31,36.13,False
NU00588,NU_L365,1838.64,85.2,43912.2,0.0,26,138.4,True,validation,0.31,0.31,36.13,False
NU00589,NU_L365,1838.64,85.2,43912.2,0.0,26,138.0,True,validation,0.31,0.31,36.13,False
NU00590,NU_L365,1838.64,85.2,43912.2,0.0,20,137.9,True,validation,0.31,0.31,36.13,False
NU00591,NU_L365,1838.64,85.2,43912.2,0.0,22,116.9,True,validation,0.26,0.26,39.5,False
NU00592,NU_L365,1838.64,85.2,43912.2,0.0,27,117.0,True,validation,0.26,0.26,39.5,False
NU00593,NU_L365,1838.64,85.2,43912.2,0.0,24,116.8,True,validation,0.26,0.26,39.5,False
NU00594,NU_L365,1838.64,85.2,43912.2,0.0,21,116.6,True,validation,0.26,0.26,39.5,False
NU00595,NU_L366,2150.01,101.0,46474.2,0.0,29,157.079,True,train,0.3,0.3,16.5,False
NU00596,NU_L366,2150.01,101.0,46474.2,0.0,35,159.275,True,train,0.3,0.3,16.5,False
NU00597,NU_L366,2128.31,49.2,36567.4,0.0,29,138.113,True,train,0.3,0.3,30.1,False
NU00598,NU_L366,2128.31,49.2,36567.4,0.0,31,158.675,True,train,0.3,0.3,30.1,False
NU00599,NU_L367,2380.3,43.5,35096.9,0.0,31,153.92,True,test,0.3,0.3,,False
NU00600,NU_L367,2380.3,43.5,35096.9,0.0,22,49.6,True,test,0.3,0.3,,False
NU00601,NU_L367,2380.3,43.5,35096.9,0.0,30,122.94,True,test,0.3,0.3,7.62,False
NU00602,NU_L367,2380.3,43.5,35096.9,0.0,24,118.77,True,test,0.3,0.3,9.6,False
NU00603,NU_L367,2380.3,43.5,35096.9,0.0,26,139.14,True,test,0.3,0.3,13.05,False
NU00604,NU_L367,2451.6400000000003,92.1,45067.0,0.0,31,123.67,True,test,0.3,0.3,,False
NU00605,NU_L367,2451.6400000000003,92.1,45067.0,0.0,32,153.43,True,test,0.3,0.3,7.62,False
NU00607,NU_L367,2451.6400000000003,92.1,45067.0,0.0,43,155.0,True,test,0.3,0.3,21.21,False
NU00608,NU_L367,2451.6400000000003,92.1,45067.0,0.01,26,153.82,True,test,0.3,0.3,27.63,False
NU00610,NU_L367,2437.58,94.3,45423.0,0.02,37,147.94,True,test,0.3,0.3,14.91,False
NU00611,NU_L367,2437.58,94.3,45423.0,0.0,19,157.01,True,test,0.3,0.3,20.73,False
NU00612,NU_L367,2437.58,94.3,45423.0,0.0,32,155.05,True,test,0.3,0.3,28.29,False
NU00614,NU_L367,2413.86,93.3,45261.9,0.0,29,147.9,True,test,0.3,0.3,14.43,False
NU00615,NU_L367,2413.86,93.3,45261.9,0.01,23,143.96,True,test,0.3,0.3,20.85,False
NU00616,NU_L367,2413.86,93.3,45261.9,0.0,30,155.03,True,test,0.3,0.3,27.99,False
NU00618,NU_L367,2408.41,99.4,46227.5,0.0,25,157.76,True,test,0.3,0.3,21.09,False
NU00619,NU_L367,2408.41,99.4,46227.5,0.0,12,82.97,True,test,0.3,0.3,29.82,False
NU00621,NU_L367,2403.4,74.6,42009.9,0.0,29,114.78,True,test,0.3,0.3,16.98,False
NU00622,NU_L367,2403.4,74.6,42009.9,0.01,28,153.76,True,test,0.3,0.3,22.38,False
NU00624,NU_L367,2445.32,97.3,45899.7,0.0,29,116.95,True,test,0.3,0.3,16.11,False
NU00625,NU_L367,2445.32,97.3,45899.7,0.0,29,112.96,True,test,0.3,0.3,22.68,False
NU00626,NU_L367,2445.32,97.3,45899.7,0.0,25,153.8,True,test,0.3,0.3,29.19,False
NU00628,NU_L367,2409.54,79.5,42910.2,0.02,27,106.91,True,test,0.3,0.3,11.34,False
NU00629,NU_L367,2409.54,79.5,42910.2,0.0,25,155.01,True,test,0.3,0.3,17.34,False
NU00630,NU_L367,2409.54,79.5,42910.2,0.0,25,153.8,True,test,0.3,0.3,23.85,False
NU00632,NU_L367,2419.68,67.2,40572.2,0.0,29,118.77,True,test,0.3,0.3,11.46,False
NU00633,NU_L367,2419.68,67.2,40572.2,0.0,29,114.78,True,test,0.3,0.3,17.16,False
NU00634,NU_L367,2419.68,67.2,40572.2,0.02,29,153.79,True,test,0.3,0.3,20.16,False
NU00636,NU_L367,2422.56,74.6,42009.9,0.0,28,151.99,True,test,0.3,0.3,12.84,False
NU00637,NU_L367,2422.56,74.6,42009.9,0.0,24,157.76,True,test,0.3,0.3,19.35,False
NU00638,NU_L367,2422.56,74.6,42009.9,0.0,25,146.79,True,test,0.3,0.3,22.38,False
NU00640,NU_L367,2424.08,94.3,45423.0,0.0,30,116.95,True,test,0.3,0.3,12.78,False
NU00641,NU_L367,2424.08,94.3,45423.0,0.0,29,112.96,True,test,0.3,0.3,20.1,False
NU00642,NU_L367,2424.08,94.3,45423.0,0.0,26,151.8,True,test,0.3,0.3,28.29,False
NU00643,NU_L367,2451.6400000000003,101.8,46596.6,0.0,15,83.13,True,test,0.3,0.3,30.54,False
NU00644,NU_L367,2451.6400000000003,84.0,43705.0,0.12,13,83.2,True,test,0.3,0.3,25.2,False
NU00645,NU_L367,2451.6400000000003,78.0,42638.6,0.0,46,123.24,True,test,0.3,0.3,23.4,False
NU00646,NU_L368,2159.5,42.0,34688.7,0.0,45,58.26,True,test,0.2,0.2,,False
NU00647,NU_L368,2313.5,41.0,34411.2,0.0,63,58.41,True,test,0.2,0.2,,False
NU00648,NU_L368,2180.5,48.0,36267.6,0.0,28,89.9,True,test,0.2,0.2,,False
NU00649,NU_L368,2376.0,53.0,37485.5,0.0,48,90.06,True,test,0.2,0.2,,False
NU00650,NU_L369,2451.19,61.1,39305.4,0.0,12,48.1,True,train,0.3,0.3,,False
NU00651,NU_L369,2439.08,68.0,40732.5,0.0,12,48.1,True,train,0.3,0.3,,False
NU00652,NU_L369,2444.94,71.2,41361.7,0.0,11,43.1,True,train,0.3,0.3,,False
NU00653,NU_L369,2413.11,53.4,37579.6,0.0,13,48.2,True,train,0.3,0.3,,False
NU00654,NU_L370,2401.94,48.7,36443.1,0.0,36,155.0,True,validation,,,,False
NU00655,NU_L370,2401.94,48.7,36443.1,0.0,31,157.0,True,validation,,,,False
NU00656,NU_L370,2401.94,48.7,36443.1,0.0,29,156.0,True,validation,,,,False
NU00657,NU_L370,2401.94,48.7,36443.1,0.0,21,145.0,True,validation,,,,False
NU00658,NU_L370,2401.94,48.7,36443.1,0.0,21,153.0,True,validation,,,,False
NU00659,NU_L370,2401.94,48.7,36443.1,0.0,20,154.0,True,validation,,,,False
NU00660,NU_L370,2401.94,48.7,36443.1,0.0,19,127.0,True,validation,,,,False
NU00661,NU_L370,2401.94,48.7,36443.1,0.0,16,129.0,True,validation,,,,False
NU00662,NU_L371,1414.2699999999998,68.0,35200.0,0.0,6,84.0,True,validation,0.84,0.84,14.0,False
NU00663,NU_L371,1414.2699999999998,69.0,35200.0,0.0,8,149.0,True,validation,0.84,0.84,18.6,False
NU00664,NU_L371,1414.2699999999998,50.0,35200.0,0.0,7,158.0,True,validation,0.42,0.42,7.8,False
NU00665,NU_L371,1414.2699999999998,69.0,35200.0,0.0,9,126.0,True,validation,0.42,0.42,20.7,False
NU00666,NU_L371,1414.2699999999998,50.0,35200.0,0.0,7,124.0,True,validation,0.84,0.84,8.5,False
NU00667,NU_L371,1414.2699999999998,60.0,35200.0,0.0,8,156.0,True,validation,0.84,0.84,14.1,False
NU00668,NU_L371,1414.2699999999998,96.0,35200.0,0.0,5,125.0,True,validation,0.42,0.42,15.6,False
NU00669,NU_L371,1414.2699999999998,82.0,35200.0,0.0,6,105.0,True,validation,0.42,0.42,24.6,False
NU00670,NU_L371,1465.1999999999998,86.0,36700.0,0.0,7,108.0,True,validation,0.84,0.84,14.4,False
NU00671,NU_L371,1465.1999999999998,87.0,36700.0,0.0,8,129.0,True,validation,0.84,0.84,26.4,False
NU00672,NU_L371,1465.1999999999998,83.0,36700.0,0.0,6,145.0,True,validation,0.42,0.42,13.0,False
NU00673,NU_L371,1465.1999999999998,86.0,36700.0,0.0,6,141.0,True,validation,0.42,0.42,25.8,False
NU00674,NU_L371,1465.1999999999998,101.0,36700.0,0.0,7,112.0,True,validation,0.84,0.84,14.4,False
NU00675,NU_L371,1465.1999999999998,108.0,36700.0,0.0,6,105.0,True,validation,0.84,0.84,26.4,False
NU00676,NU_L371,1465.1999999999998,101.0,36700.0,0.0,6,145.0,True,validation,0.42,0.42,13.0,False
NU00677,NU_L371,1465.1999999999998,101.0,36700.0,0.0,6,140.0,True,validation,0.42,0.42,25.8,False
NU00678,NU_L371,1441.75,77.0,32500.0,0.0,6,125.0,True,validation,0.84,0.84,16.2,False
NU00679,NU_L371,1441.75,58.0,32500.0,0.0,6,124.0,True,validation,0.84,0.84,18.0,False
NU00680,NU_L371,1441.75,82.0,32500.0,0.0,7,120.0,True,validation,0.42,0.42,12.9,False
NU00681,NU_L371,1441.75,58.0,32500.0,0.0,5,92.0,True,validation,0.42,0.42,17.4,False
NU00683,NU_L371,1441.75,79.0,32500.0,0.0,6,123.0,True,validation,0.84,0.84,18.0,False
NU00684,NU_L371,1441.75,106.0,32500.0,0.0,8,122.0,True,validation,0.42,0.42,12.9,False
NU00686,NU_L371,1424.55,83.0,40400.0,0.0,9,157.0,True,validation,0.84,0.84,13.9,False
NU00687,NU_L371,1424.55,95.0,40400.0,0.0,7,154.0,True,validation,0.84,0.84,22.4,False
NU00688,NU_L371,1424.55,95.0,40400.0,0.0,7,160.0,True,validation,0.42,0.42,14.4,False
NU00689,NU_L371,1424.55,91.0,40400.0,0.0,8,159.0,True,validation,0.42,0.42,26.7,False
NU00690,NU_L371,1424.55,102.0,40400.0,0.0,6,108.0,True,validation,0.84,0.84,22.2,False
NU00691,NU_L371,1424.55,106.0,40400.0,0.0,7,149.0,True,validation,0.84,0.84,20.4,False
NU00692,NU_L371,1424.55,104.0,40400.0,0.0,9,157.0,True,validation,0.42,0.42,16.7,False
NU00693,NU_L371,1424.55,91.0,40400.0,0.0,7,140.0,True,validation,0.42,0.42,30.0,False
NU00694,NU_L371,1450.35,106.0,39900.0,0.0,8,153.0,True,validation,0.84,0.84,22.8,False
NU00695,NU_L371,1450.35,86.0,39900.0,0.0,7,158.0,True,validation,0.84,0.84,27.0,False
NU00696,NU_L371,1450.35,104.0,39900.0,0.0,7,154.0,True,validation,0.42,0.42,18.0,False
NU00697,NU_L371,1450.35,106.0,39900.0,0.0,6,120.0,True,validation,0.42,0.42,31.8,False
NU00698,NU_L371,1450.35,126.0,39900.0,0.0,6,150.0,True,validation,0.84,0.84,22.8,False
NU00699,NU_L371,1450.35,113.0,39900.0,0.0,6,85.0,True,validation,0.84,0.84,27.0,False
NU00702,NU_L371,1492.48,98.0,41700.0,0.0,8,107.0,True,validation,0.84,0.84,18.0,False
NU00703,NU_L371,1492.48,111.0,41700.0,0.0,8,113.0,True,validation,0.84,0.84,36.0,False
NU00704,NU_L371,1492.48,108.0,41700.0,0.0,7,154.0,True,validation,0.42,0.42,17.4,False
NU00705,NU_L371,1492.48,111.0,41700.0,0.0,7,88.0,True,validation,0.42,0.42,33.3,False
NU00706,NU_L371,1492.48,122.0,41700.0,0.0,6,107.0,True,validation,0.84,0.84,18.0,False
NU00707,NU_L371,1492.48,136.0,41700.0,0.0,7,115.0,True,validation,0.84,0.84,36.0,False
NU00709,NU_L371,1492.48,136.0,41700.0,0.0,7,88.0,True,validation,0.42,0.42,33.3,False
NU00710,NU_L371,1465.1,109.0,47000.0,0.0,8,139.0,True,validation,0.84,0.84,21.8,False
NU00711,NU_L371,1465.1,110.0,47000.0,0.0,9,131.0,True,validation,0.84,0.84,37.9,False
NU00712,NU_L371,1465.1,118.0,47000.0,0.0,6,90.0,True,validation,0.42,0.42,20.2,False
NU00714,NU_L371,1465.1,119.0,47000.0,0.0,8,153.0,True,validation,0.84,0.84,24.9,False
NU00715,NU_L371,1465.1,126.0,47000.0,0.0,7,144.0,True,validation,0.84,0.84,34.8,False
NU00716,NU_L371,1465.1,126.0,47000.0,0.0,6,129.0,True,validation,0.42,0.42,19.9,False
NU00717,NU_L371,1465.1,116.0,47000.0,0.0,7,146.0,True,validation,0.42,0.42,34.9,False
NU00718,NU_L371,1427.85,107.0,41200.0,0.0,7,138.0,True,validation,0.84,0.84,21.0,False
NU00719,NU_L371,1427.85,118.0,41200.0,0.0,10,154.0,True,validation,0.84,0.84,40.6,False
NU00720,NU_L371,1427.85,116.0,41200.0,0.0,6,152.0,True,validation,0.42,0.42,19.5,False
NU00721,NU_L371,1427.85,118.0,41200.0,0.0,7,130.0,True,validation,0.42,0.42,35.4,False
NU00722,NU_L371,1427.85,128.0,41200.0,0.0,7,140.0,True,validation,0.84,0.84,21.0,False
NU00723,NU_L371,1427.85,132.0,41200.0,0.0,8,153.0,True,validation,0.84,0.84,40.6,False
NU00724,NU_L371,1427.85,127.0,41200.0,0.0,6,153.0,True,validation,0.42,0.42,19.5,False
NU00725,NU_L371,1427.85,132.0,41200.0,0.0,7,130.0,True,validation,0.42,0.42,35.4,False
NU00726,NU_L94,2398.96,27.9,22700.0,0.2,19,70.0,True,train,0.316,0.316,8.83,False
NU00727,NU_L94,2398.96,27.9,22700.0,0.31,19,70.11,True,train,0.316,0.316,8.83,False
NU00728,NU_L94,2398.96,27.9,22700.0,0.2,21,150.0,True,train,0.308,0.308,8.83,False
NU00729,NU_L94,2398.96,27.9,22700.0,0.32,22,150.12,True,train,0.308,0.308,8.83,False
NU00730,NU_L94,2398.96,27.9,22700.0,0.2,19,70.0,True,train,0.316,0.316,8.83,False
NU00731,NU_L94,2398.96,27.9,22700.0,0.14,19,69.94,True,train,0.316,0.316,8.83,False
NU00732,NU_L94,2398.96,27.9,22700.0,0.2,23,150.0,True,train,0.308,0.308,8.83,False
NU00733,NU_L94,2398.96,27.9,22700.0,0.19,23,149.99,True,train,0.308,0.308,8.83,False
NU00734,NU_L94,2398.96,27.9,22700.0,0.2,19,70.0,True,train,0.316,0.316,8.83,False
NU00735,NU_L94,2398.96,27.9,22700.0,0.7,17,70.0,True,train,0.316,0.316,8.83,False
NU00736,NU_L94,2398.96,27.9,22700.0,0.2,22,150.0,True,train,0.308,0.308,8.83,False
NU00737,NU_L94,2398.96,27.9,22700.0,0.27,21,150.07,True,train,0.308,0.308,8.83,False
NU00738,NU_L58,2399.3,44.5,,0.2,16,69.6,True,train,0.202,0.202,9.0,False
NU00739,NU_L58,2399.3,44.5,,0.2,23,71.1,True,train,0.202,0.202,9.0,False
NU00741,NU_L58,2399.3,44.5,,0.1,28,137.4,True,train,,,9.0,False
NU00743,NU_L58,2399.3,44.5,,0.8,24,71.1,True,train,0.202,0.202,9.0,False
NU00744,NU_L58,2399.3,44.5,,0.32,18,136.72,True,train,,,9.0,False
NU00745,NU_L58,2399.3,44.5,,0.1,28,146.6,True,train,,,9.0,False
NU00746,NU_L58,2399.3,44.5,,0.09,27,68.39,True,train,0.202,0.202,9.0,False
NU00747,NU_L58,2399.3,44.5,,0.1,21,68.1,True,train,0.202,0.202,9.0,False
NU00748,NU_L58,2399.3,44.5,,0.22,28,139.82,True,train,,,9.0,False
NU00749,NU_L58,2399.3,44.5,,0.01,24,151.4,True,train,,,9.0,False
NU00760,NU_L119,2399.2,43.61,28028.0,0.81,18,142.05,True,train,,,8.8,False
NU00761,NU_L119,2399.2,43.61,28028.0,0.37,15,58.76,True,train,,,8.8,False
NU00763,NU_L119,2399.2,43.61,28028.0,0.22,18,68.43,True,train,,,8.8,False
NU00765,NU_L119,2399.2,43.61,28028.0,0.2,21,70.0,True,train,,,8.8,False
NU00766,NU_L119,2399.2,43.61,28028.0,0.11,23,145.06,True,train,,,8.8,False
NU00767,NU_L119,2399.2,43.61,28028.0,0.11,29,69.42,True,train,,,8.8,False
NU00768,NU_L119,2399.2,43.61,28028.0,0.18,38,119.02,True,train,,,8.8,False
NU00769,NU_L119,2399.2,43.61,28028.0,0.05,29,78.03,True,train,,,8.8,False
NU00770,NU_L119,2399.2,43.61,28028.0,0.17,27,125.89,True,train,,,8.8,False
NU00771,NU_L119,2399.2,43.61,28028.0,0.79,22,71.89,True,train,,,8.8,False
NU00772,NU_L120,2419.05,41.65,33222.0,0.14,8,98.07,False,train,,,9.8,False
NU00773,NU_L120,2419.05,41.65,33222.0,0.03,11,56.64,False,train,,,9.8,False
NU00778,NU_L122,2343.02,46.746,,0.01,12,111.65,True,test,,,11.47,False
NU00779,NU_L122,2343.02,46.746,,0.01,11,91.646,True,test,,,12.74,False
NU00780,NU_L122,2343.02,46.746,,0.01,10,87.52,True,test,,,12.35,False
NU00808,NU_L125,2354.42,39.79,27636.0,0.08,34,155.59,True,train,,,10.1,False
NU00809,NU_L125,2354.42,39.79,27636.0,0.01,35,152.73,True,train,,,5.3,False
NU00811,NU_L125,2354.42,39.79,27636.0,1.0,28,151.75,False,train,,,4.9,False
NU00812,NU_L125,2354.42,39.79,27636.0,1.0,28,155.21,False,train,,,9.8,False
NU00813,NU_L125,2354.42,39.79,27636.0,1.0,28,158.87,False,train,,,9.8,False
NU00814,NU_L126,2342.0,34.79,28224.0,0.18,32,134.52,True,train,,,10.1,False
NU00816,NU_L126,2342.0,34.79,28224.0,0.22,31,137.92,True,train,,,5.3,False
NU00818,NU_L126,2342.0,34.79,28224.0,0.88,26,134.38,False,train,,,9.8,False
NU00820,NU_L126,2342.0,34.79,28224.0,0.88,27,131.78,False,train,,,4.9,False
NU00821,NU_L126,2342.0,34.79,28224.0,0.88,27,131.78,False,train,,,4.9,False
NU00822,NU_L126,2342.0,34.79,28224.0,0.88,26,132.28,False,train,,,9.8,False
NU00823,NU_L126,2342.0,34.79,28224.0,1.1,27,135.2,False,train,,,9.8,False
NU00824,NU_L126,2342.0,34.79,28224.0,0.88,27,131.28,True,train,,,9.8,False
NU00825,NU_L126,2342.0,34.79,28224.0,0.88,27,131.28,True,train,,,9.8,False
NU00826,NU_L99,2338.0,57.33,,0.01,10,150.47,True,validation,,,10.34,False
NU00827,NU_L99,2338.0,55.96,,0.2381,9,150.71,True,validation,,,10.34,False
NU00831,NU_L99,2338.0,58.9,,0.7042,10,146.68,True,validation,,,11.32,False
NU00834,NU_L99,2315.0,50.37,,0.8905,12,97.794,True,validation,,,9.403,False
NU00835,NU_L99,2315.0,50.37,,0.8853,12,97.794,True,validation,,,9.403,False
NU00836,NU_L99,2342.85,47.14,,0.01,11,87.747,True,validation,,,9.403,False
NU00837,NU_L99,2342.85,47.14,,0.01,10,87.465,True,validation,,,9.403,False
NU00838,NU_L99,2342.85,47.14,,0.01,11,87.465,True,validation,,,9.403,False
NU00839,NU_L129,2274.88,33.32,21952.0,0.19,22,153.32,True,train,,,2.9,False
NU00840,NU_L129,2274.88,33.32,21952.0,0.22,21,156.43,True,train,,,5.9,False
NU00841,NU_L129,2274.88,33.32,21952.0,0.33,20,152.67,True,train,,,8.8,False
NU00843,NU_L129,2274.88,33.32,21952.0,0.32,20,150.36,True,train,,,8.8,False
NU00847,NU_L129,2368.03,28.61,30184.0,0.16,22,155.31,True,train,,,2.9,False
NU00849,NU_L129,2368.03,28.61,30184.0,0.33,20,159.5,True,train,,,8.8,False
NU00853,NU_L129,2399.2,31.46,25676.0,0.73,39,155.28,True,train,,,8.8,False
NU00892,NU_L130,2207.07,24.6,25088.0,0.04,36,159.6,True,validation,,,2.45,False
NU00893,NU_L130,2207.07,24.6,25088.0,0.04,35,156.8,True,validation,,,5.39,False
NU00894,NU_L130,2207.07,24.6,25088.0,0.1,34,152.95,True,validation,,,7.55,False
NU00895,NU_L130,2207.07,24.6,25088.0,0.07,25,95.2,True,validation,,,-5.39,False
NU00896,NU_L130,2207.07,24.6,25088.0,0.1,31,94.8,True,validation,,,-7.55,False
NU00897,NU_L130,2177.07,24.79,26068.0,0.03,34,151.0,True,validation,,,2.45,False
NU00898,NU_L130,2177.07,24.79,26068.0,0.03,32,151.61,True,validation,,,5.39,False
NU00899,NU_L130,2177.07,24.79,26068.0,0.15,33,151.12,True,validation,,,7.55,False
NU00900,NU_L130,2177.07,24.79,26068.0,0.2,27,150.5,True,validation,,,5.39,False
NU00901,NU_L130,2173.85,33.71,28322.0,0.02,37,160.0,True,validation,,,2.45,False
NU00902,NU_L130,2173.85,33.71,28322.0,0.14,35,158.92,True,validation,,,5.39,False
NU00903,NU_L130,2173.85,33.71,28322.0,0.01,35,158.16,True,validation,,,7.55,False
NU00904,NU_L130,2173.85,33.71,28322.0,0.05,33,157.7,True,validation,,,7.55,False
NU00905,NU_L130,2173.85,33.71,28322.0,0.04,29,141.9,True,validation,,,5.39,False
NU00906,NU_L130,2173.85,33.71,28322.0,0.05,33,145.4,True,validation,,,5.39,False
NU00908,NU_L130,2173.85,33.71,28322.0,0.22,34,94.82,True,validation,,,-7.55,False
NU00909,NU_L131,2207.07,24.89,25480.0,0.01,12,100.4,True,train,,,,False
NU00910,NU_L131,2207.07,24.89,25480.0,0.35,11,99.9,True,train,,,,False
NU00912,NU_L131,2158.24,24.79,29106.0,0.18,11,100.0,True,train,,,,False
NU00913,NU_L131,2158.24,24.79,29106.0,0.15,11,99.0,True,train,,,,False
NU00914,NU_L131,2158.24,24.79,29106.0,0.06,11,101.0,True,train,,,,False
NU00915,NU_L131,2158.24,24.79,29106.0,0.21,11,100.0,True,train,,,,False
NU00916,NU_L131,2149.8,39.69,28616.0,0.27,11,138.3,True,train,,,,False
NU00917,NU_L131,2149.8,39.69,28616.0,0.11,11,97.99,True,train,,,,False
NU00918,NU_L131,2149.8,39.69,28616.0,0.33,11,96.99,True,train,,,,False
NU00919,NU_L131,2149.8,39.69,28616.0,0.31,11,99.0,True,train,,,,False
NU00920,NU_L131,2149.8,39.69,28616.0,0.34,11,101.0,True,train,,,,False
NU00921,NU_L131,2149.8,39.69,28616.0,0.25,11,102.0,True,train,,,,False
NU00922,NU_L131,2149.8,39.69,28616.0,0.2,11,101.0,True,train,,,,False
NU00924,NU_L132,2207.37,23.23,25480.0,0.06,37,104.58,True,train,,,-8.2,False
NU00954,NU_L136,2337.8,34.3,,1.0,18,160.0,True,train,,,7.26,False
NU00955,NU_L136,2337.8,34.3,,1.0,18,160.0,True,train,,,9.03,False
NU00956,NU_L136,2337.8,34.3,,1.0,18,160.0,True,train,,,10.3,False
NU00957,NU_L136,2337.8,34.3,,1.0,18,160.0,True,train,,,10.7,False
NU00962,NU_L388,2421.84,50.67,34300.0,1.0,19,149.9,True,train,,,7.35,False
NU00965,NU_L388,2277.0,30.76,22932.0,0.5,52,156.1,False,train,,,5.88,False
NU00966,NU_L388,2263.0,33.76,23716.0,0.2,43,155.2,False,train,,,5.88,False
NU00967,NU_L388,2292.0,37.04,26852.0,1.3,39,155.4,False,train,,,5.88,False
NU01117,NU_L74,2395.56,31.9,31900.0,0.01,18,152.98,True,validation,0.0249,0.0249,13.4,False
NU01118,NU_L74,2443.9,31.9,31900.0,0.026,12,144.0,True,validation,0.0272,0.0272,13.4,False
NU01120,NU_L74,2332.6,15.2,15200.0,0.11868,26,28.7578,True,validation,9.92e-05,9.92e-05,8.29,True
NU01124,NU_L291,2444.16,64.9,37000.0,1.01156,6,110.233,False,train,0.25,0.25,16.225,False
NU01125,NU_L291,2444.16,65.4,36000.0,1.01118,6,111.632,False,train,0.25,0.25,16.35,False
NU01167,NU_L304,2221.5,19.58,16547.0,0.134933,9,90.1114,False,train,0.219589,0.219589,5.874,False
NU01168,NU_L304,2259.7,15.79,16892.0,0.134933,9,90.1349,False,train,0.20873,0.20873,4.734,False
NU01169,NU_L304,2221.5,15.51,17926.0,0.0,9,90.1349,False,train,0.201516,0.201516,4.653,False
NU01170,NU_L304,2259.7,16.62,17236.0,0.0,9,90.0,False,train,0.220389,0.220389,4.983,False
NU01171,NU_L306,2487.04,167.0,45000.0,0.743613,13,119.853,False,test,0.33,0.33,55.11,False
NU01185,NU_L310,2308.36,83.3,,0.037183,61,146.811,True,train,0.0570228,0.0570228,4.75,False
NU01203,NU_L312,2308.0,35.18,,0.11864,13,28.8475,True,train,0.216259,0.216259,7.608,False
NU01245,NU_L319,2525.0,58.0,34400.0,5.85366,14,149.268,False,train,0.172414,0.172414,10.0,False
NU01247,NU_L319,2525.0,65.0,35500.0,2.83019,11,155.66,False,train,0.153846,0.153846,10.0,False
NU01251,NU_L319,2520.0,70.0,38100.0,3.23327,14,154.919,False,train,0.142857,0.142857,10.0,False
NU01253,NU_L319,2525.0,58.0,34400.0,0.0,17,143.842,False,train,0.172414,0.172414,10.0,False
NU01255,NU_L319,2525.0,65.0,35500.0,5.94059,15,144.554,False,train,0.153846,0.153846,10.0,False
NU01257,NU_L319,2525.0,67.5,37000.0,3.44129,13,155.205,False,train,0.148148,0.148148,10.0,False
NU01259,NU_L319,2520.0,70.0,38100.0,2.95567,15,156.65,False,train,0.142857,0.142857,10.0,False
NU01317,NU_L332,2412.0,85.0,,0.0319996,7,119.806,True,validation,0.2,0.2,17.0,False
NU01318,NU_L332,2412.0,85.0,,0.0576562,6,114.749,True,validation,0.2,0.2,17.0,False
NU01319,NU_L332,2412.0,85.0,,0.00191484,10,125.077,True,validation,0.35,0.35,29.75,False
NU01322,NU_L332,2412.0,85.0,,0.0120881,13,130.623,True,validation,0.41,0.41,34.85,False
NU01323,NU_L332,2412.0,85.0,,0.00199959,12,136.394,True,validation,0.39,0.39,33.15,False
NU01324,NU_L332,2412.0,85.0,,0.00191484,10,119.776,True,validation,0.21,0.21,17.85,False
NU01325,NU_L341,2562.82,77.7,14535.0,0.0381,15,123.002,True,test,0.4,0.4,31.08,False
NU01326,NU_L343,2300.011,59.8,,0.32094,16,59.972,True,test,0.4,0.4,23.92,False
NU01327,NU_L343,2300.011,62.1,,0.986834,15,60.2923,True,test,0.6,0.6,37.26,False
NU01328,NU_L343,2300.011,64.6,,0.294007,15,60.2712,True,test,0.7,0.7,45.22,False
NU01329,NU_L343,2300.011,64.6,,0.627397,14,29.8317,True,test,0.7,0.7,45.22,False
NU01330,NU_L343,2300.011,62.3,,0.114877,13,60.2449,True,test,0.8,0.8,49.84,False
NU01333,NU_L343,2299.974,38.4,,0.131368,12,60.0259,True,test,0.6,0.6,23.04,False
NU01334,NU_L343,2299.974,38.5,,0.08132,11,59.8471,True,test,0.7,0.7,26.95,False
NU01335,NU_L343,2299.974,38.4,,0.86789,12,60.1061,True,test,0.7,0.7,26.88,False
NU01338,NU_L343,2299.974,34.5,,0.877966,15,60.3086,True,test,0.75,0.75,25.875,False
NU01345,NU_L343,2299.995,22.8,,0.759518,11,60.5659,True,test,0.75,0.75,17.1,False
NU01350,NU_L343,2300.011,59.8,,0.0625119,14,59.9461,True,test,0.4,0.4,23.92,False
NU01353,NU_L344,2451.0,71.4,33564.0,0.800164,8,138.972,False,train,0.32,0.32,22.848,False
NU01354,NU_L344,2451.0,85.2,34610.0,3.0888,9,149.807,False,train,0.32,0.32,27.264,False
NU01355,NU_L344,2451.0,87.9,34782.0,3.74125,8,136.687,False,train,0.32,0.32,28.128,False
NU01356,NU_L344,2451.0,82.3,41627.0,0.753364,10,132.08,False,train,0.32,0.32,26.336,False
NU01357,NU_L344,2452.0,76.3,39444.0,2.85065,11,152.685,False,train,0.32,0.32,24.416,False
NU01358,NU_L344,2452.0,74.5,39163.0,1.33835,12,149.289,False,train,0.32,0.32,23.84,False
NU01359,NU_L344,2451.5,90.7,39467.0,0.0,13,143.454,False,train,0.32,0.32,29.024,False
NU01360,NU_L344,2452.0,86.7,40597.0,0.784627,10,146.576,False,train,0.32,0.32,27.744,False
NU01361,NU_L344,2452.0,89.5,41307.0,3.19423,8,157.427,False,train,0.32,0.32,28.64,False
NU01372,NU_L352,1922.0,90.0,45000.0,0.131926,17,97.8892,False,train,0.3,0.3,20.4,False
NU01373,NU_L352,1922.0,86.0,47000.0,0.0,17,97.8892,False,train,0.3,0.3,21.0,False
NU01374,NU_L352,1922.0,44.0,20000.0,6.20737,7,133.22,False,train,0.3,0.3,11.1,False
NU01375,NU_L352,1922.0,44.0,19000.0,7.11e-15,9,140.0,False,train,0.3,0.3,10.8,False
NU01376,NU_L359,2440.75,79.8,47600.0,0.60302,13,124.391,False,validation,0.4,0.4,31.92,False
NU01377,NU_L359,2500.0,79.7,45500.0,1.36505,13,123.635,False,validation,0.4,0.4,31.88,False
NU01378,NU_L359,2440.75,79.8,47600.0,0.619195,9,95.5108,False,validation,0.4,0.4,31.92,False
NU01379,NU_L359,2500.0,79.7,45500.0,0.931677,10,96.118,False,validation,0.4,0.4,31.88,False
NU01404,NU_L373,1106.4,29.6,29800.0,0.81513,12,127.83,False,train,0.236486,0.236486,7.0,False
NU01405,NU_L373,1106.4,35.2,29800.0,0.6219,9,121.41,False,train,0.198864,0.198864,7.0,False
NU01406,NU_L373,1106.4,38.4,29800.0,0.408,9,155.95,False,train,0.182292,0.182292,7.0,False
NU01407,NU_L373,1106.4,40.0,29800.0,0.5255,9,149.84,False,train,0.175,0.175,7.0,False
NU01408,NU_L373,1106.4,44.6,29800.0,0.8966,8,122.59,False,train,0.156951,0.156951,7.0,False
NU01409,NU_L373,1106.4,45.9,29800.0,0.419,5,111.24,False,train,0.152505,0.152505,7.0,False
NU01410,NU_L373,1106.4,29.6,29800.0,6.4204,9,129.44,False,train,0.236486,0.236486,7.0,False
NU01413,NU_L373,1106.4,29.6,29800.0,6.697,9,129.46,False,train,0.236486,0.236486,7.0,False
NU01414,NU_L373,1106.4,29.6,29800.0,6.5388,9,130.63,False,train,0.236486,0.236486,7.0,False
NU01415,NU_L373,1106.4,29.6,29800.0,6.6887,9,130.16,False,train,0.236486,0.236486,7.0,False
NU01416,NU_L373,1106.4,35.2,29800.0,0.94589,12,133.89,False,train,0.198864,0.198864,7.0,False
NU01417,NU_L373,1106.4,38.4,29800.0,0.834,9,127.08,False,train,0.182292,0.182292,7.0,False
NU01418,NU_L373,1106.4,40.0,29800.0,0.0007,9,118.49,False,train,0.175,0.175,7.0,False
NU01419,NU_L373,1106.4,44.6,29800.0,0.8714,9,152.35,False,train,0.156951,0.156951,7.0,False
NU01420,NU_L373,1106.4,45.9,29800.0,1.7849,10,126.85,False,train,0.152505,0.152505,7.0,False
NU01421,NU_L373,1106.4,29.6,29800.0,0.292,8,119.62,False,train,0.236486,0.236486,7.0,False
NU01428,NU_L373,1106.4,29.6,29800.0,1.08,12,133.64,False,train,0.236486,0.236486,7.0,False
NU01429,NU_L373,1106.4,35.2,29800.0,0.0271,10,126.84,False,train,0.198864,0.198864,7.0,False
NU01430,NU_L373,1106.4,38.4,29800.0,0.0011,9,119.34,False,train,0.182292,0.182292,7.0,False
NU01431,NU_L373,1106.4,40.0,29800.0,1.0155,9,155.53,False,train,0.175,0.175,7.0,False
NU01432,NU_L373,1106.4,44.6,29800.0,0.5341,11,127.7,False,train,0.156951,0.156951,7.0,False
NU01433,NU_L373,1106.4,45.9,29800.0,2.85,7,125.15,False,train,0.152505,0.152505,7.0,False
NU01434,NU_L375,2355.0,18.3,33853.0,0.0493806,16,149.998,True,validation,0.3,0.3,5.5,False
NU01435,NU_L375,2355.0,29.0,33853.0,0.0525747,13,145.0,True,validation,0.3,0.3,8.7,False
NU01436,NU_L375,2355.0,35.9,33853.0,0.0484981,13,123.995,True,validation,0.3,0.3,10.8,False
NU01437,NU_L375,2355.0,18.3,33853.0,0.0493806,16,149.998,True,validation,0.3,0.3,5.5,False
NU01438,NU_L375,2355.0,29.0,33853.0,0.0525747,13,145.0,True,validation,0.3,0.3,8.7,False
NU01439,NU_L375,2355.0,35.9,33853.0,0.138498,13,124.085,True,validation,0.3,0.3,10.8,False
